addr:housenumber,addr:postcode,addr:street,name,building,addr:city,opening_hours,phone,website,addr:province,payment:cash,payment:debit_cards,payment:mastercard,payment:visa,sport,indoor,source,operator,note,fax,landuse,addr:full,golf,golf:course,golf:par,surface,layer,start_date,description,old_name,email,mapillary,wheelchair,winter_service,operator:type,operator:wikidata,addr:hamlet,tourism,facebook,image,barrier,addr:country,designation,demolished,source:name,type,contact:city,contact:housenumber,contact:street,fixme,area,area_m2,lat,lon,province,gcid
,,,Trestle Creek Golf Resort,,,,,,,,,,,,,,,,,,,,,,,,,,,,,,,,,,,,,,,,,,,,,,,,2337457.0623409944,53.56284004790244,-114.89760787037186,Alberta,AA00216
,,,The Glencoe Golf and Country Club,,,,,,,,,,,,,,,,,,,,,,,,,,,,,,,,,,,,,,,,,,,,,,,,1990205.1969662525,51.026613937131174,-114.30118706367696,Alberta,AA00178
,,,Cold Lake Golf and Winter Club,,,,,,,,,,,,,,,,,,,,,,,,,,,,,,,,,,,,,,,,,,,,,,,,1865404.9120145477,54.42060895346585,-110.2429059024689,Alberta,AA00183
,,,Kananaskis Country Golf Course,,,,,,,,,,,,,Bing,,,,,,,,,,,,,,,,,,,,,,,,,,,,,multipolygon,,,,,,1835840.4827309928,50.902951265525594,-115.14601496740762,Alberta,AA00026
,,,Eagle Point Golf Course,,,Tu-Fr 14:00-22:00; Sa-Su 12:00-20:00,+1-780-891-3475,https://golfwabasca.ca,,,,,,,,,,,,,,,,,,,,,,,,,,,,,,,,,,,,,,,,,,,1719729.1811276195,56.02321672136466,-113.89763953838948,Alberta,AA00261
,,,Hinton Golf Club,,,,,,,,,,,,,,,,,,,,,,,,,,,,,,,,,,,,,,,,,,,,,,,,1271457.0394154692,53.381028393191826,-117.61196845275998,Alberta,AA00231
,,,Coyotte Creek Golf & RV Resort,,,,,,,,,,,,,,,,,,,,,,,,,,,,,,,,,,,,,,,,,,,,,,,,1258581.5138444533,51.76230594447027,-114.67487830956408,Alberta,AA00280
,,,Unknown Golf Course,,,,,,,,,,,golf,,,,,,,,,,,,,,,,,,,,,,,,,,,,,,,,,,,,,1226679.658109697,52.95249464320844,-114.03239325024946,Alberta,AA00099
,,,Coal Creek Golf Resort,,,,,,,,,,,,,,,,,,,,,,,,,,,,,,,,,,,,,,,,,,,,,,,,1215366.7479415815,53.22511900206377,-112.52560443967184,Alberta,AA00154
,,,Silverwing Golf Course,,,,,,,,,,,,,,,,,,,,,,,,,,,,,,,,,,,,,,,,,,,,,,,,1191919.5704958648,51.10236860124749,-113.99092518354178,Alberta,AA00085
,,,Jasper Park Lodge Golf Club,,,,,,,,,,,golf,,NRCan-CanVec-8.0,,,,,,,,,,,,,,,,,,,,,,,,,,,,www.fairmont.com/jasper/golf/,,,,,,,1174354.3581406819,52.88277177081424,-118.04613188355235,Alberta,AA00115
945,T5Y 6L2,167 Avenue NE,The Quarry,,Edmonton,,+1-780-477-8437,https://thequarryedmonton.com/,AB,,,,,,,Bing,The Quarry Edmonton,,+1-780-669-7088,,,,,,,,,,,,,,,,,,,,,,,,,,,,,,,,1170206.2531055082,53.620354730985035,-113.3271551137274,Alberta,AA00227
,,,Links of GlenEagles,,,,,,,,,,,,,,,,,,,,,,,,,,,,,,,,,,,,,,,,,,multipolygon,,,,,,1166902.5608112111,51.186545354429285,-114.43395326969832,Alberta,AA00028
53541,T8A 4V2,Range Rd 232,The Legends Golf and Country Club,,Sherwood Park,Mo-Su 06:00-21:30,+1-780-449-4911,https://www.legendsgolf.ca/,AB,,,,,,,,,,,,,,,,,,,27 Holes,,,,,,,,,,,,,,,,,multipolygon,,,,,,1161748.1073373498,53.62508394666368,-113.29458880914565,Alberta,AA00045
34122,T3Z 0G8,East Harmony Trail,Mickelson National Golf Club,,Rocky View County,,,https://www.mickelsonnational.com/,AB,,,,,,,,,,,,,,,,,,,,,,,,,,,,,,,,,,,,,,,,,,1158156.948039509,51.121635377273094,-114.37254953064217,Alberta,AA00274
61,T3R 1A2,Hamilton Drive,Bearspaw Country Club,,Calgary,,,,,,,,,,,,,,,,,,,,,,,18-Hole Private Golf Course & Country Club,,,,,,,,,,,,,,,,,,,,,,,1098988.1234224548,51.15807158241447,-114.26783373073174,Alberta,AA00240
,,,Speargrass Golf Course,,,,,,,,,,,,,,,,,,,,,,,,,,,,,,,,,,,,,,,,,,,,,,,,1092737.1251356737,50.838652154804315,-113.42988188972761,Alberta,AA00267
,,,Northern Bear Golf Club,,,,,,,,,,,,,,,,,,,,,,,,,,,,,,,,,,,,,,,,,,,,,,,,1080476.2663416832,53.374206872900196,-113.14175107287817,Alberta,AA00238
,,,Country Hills Golf Club,,,,,,,,,,,golf,,,,,,,,,,,,,,,,,,,,,,,,,,,,,,,,,,,,,1047010.2560651737,51.14511833501145,-114.08566056030845,Alberta,AA00059
,,,Miquelon Hills Golf Course,,,,,,,,,,,,,,,,,,,,,,,,,,,,,,,,,,,,,,,,,,,,,,,,1033343.7401373058,53.26084043865804,-112.86332600164627,Alberta,AA00167
,,,Three Sisters Creek Golf Course,,,,,,,,,,,,,,,,,,,,,,,,,,,,,,,,,,,,,,,,yes,,,,,,,,1030471.1898801624,51.05856255236032,-115.33957157850774,Alberta,AA00297
,,,Jagare Ridge Golf Club,,,,,,,,,,,,,,,,,,,,,,,,,,,,,,,,,,,,,,,,,,multipolygon,Edmonton,14931,9th Avenue SW,,,1024337.3662661258,53.42035211127947,-113.57794722592595,Alberta,AA00036
,,,Jagare Ridge Golf Club,,,,,,,,,,,,,,,,,,,,,,,,,,,,,,,,,,,,,,,,,,multipolygon,Edmonton,14931,9th Avenue SW,,,1024337.3662661258,53.42035211127947,-113.57794722592595,Alberta,AA00035
,,,Wolf Creek Golf Resort,,,,,https://www.wolfcreekgolf.com/,,,,,,,,,,,,,,,,,,,,,,,,,,,,,,,,,,,,,,,,,,,1016832.3210835824,52.58294734594968,-113.65068110895255,Alberta,AA00270
,,,Wolf Creek Golf Resort,,,,,https://www.wolfcreekgolf.com/,,,,,,,,,,,,,,,,,,,,,,,,,,,,,,,,,,,,,,,,,,,1016832.3210835824,52.58294734594968,-113.65068110895255,Alberta,AA00271
6080,T4G 1S7,Lakewood Drive,Innisfail Golf Club,,Innisfail,,,,,,,,,golf,,,Semi Private,,,,,,27_hole,,,,,,,,,,,,,,,,,,,,,,,,,,,,1005449.343800558,52.039734586913674,-113.97199151391946,Alberta,AA00111
241155,T3Z 2W4,Range Road 34,River Spirit Golf Club,,,,,,,,,,,,,,,,,,,,,,,,,,,,,,,,,,,,,,,,,,,,,,,,988413.7215032924,51.03669363599157,-114.38053273101899,Alberta,AA00251
,,,Strathmore Golf Club,,,,,,,,,,,golf,,,,,,,,,,,,,,,,,,,,,,,,,,,,,,,,,,,,,986520.3631367197,51.05527573646985,-113.40574367584736,Alberta,AA00147
22336,,Township Road 540,Fox Run Golf Course,,,,,,,,,,,,,,,,,,,,,,,,,,,,,,,,,,,,,,,,,,,,,,,,979822.6684862267,53.63553532360895,-113.17989268950616,Alberta,AA00237
,,,Priddis Greens Golf & Country Club - Hawk,,,,,,,,,,,,,,,,,,,,,,,,,,,,,,,,,,,,,,,,,,multipolygon,,,,,,976972.9904761873,50.89706214628485,-114.39461409216516,Alberta,AA00039
,,,The Fairmont Banff Springs Golf Course,,,,,,,,,,,,,,,,,,,,,,,,,,,,,,,,,,,,,,,,,,,,,,,,970988.5536349284,51.17280481394051,-115.53678337114188,Alberta,AA00069
,,,Crowsnest Pass Golf & Country Club,,,,,,,,,,,,,,,,,,,,,,,,,,,,,,,,,,,,,,,,,,,,,,,,965194.0453726334,49.62526875174664,-114.4567129089928,Alberta,AA00195
,,,Stewart Creek Golf & Country Club,,,,+1-877-993-4653,https://stewartcreekgolf.com/,,,,,,,,,,,,,,,,,,,,,,,,,,,,,,,,,,,,,,,,,,,956459.0710037425,51.045387773270626,-115.31289813479867,Alberta,AA00116
435,T9E 0V5,Airport Perimeter Road,Red Tail Landing,,Edmonton International Airport,,,,AB,,,,,,,,,,,,,,,,,,,,,,,,,,,Nisku,,,,,,,,,,,,,,,954624.8735364353,53.321674136265834,-113.55366140463617,Alberta,AA00068
,,,Edmonton Garrison Memorial Golf & Curling Club,,,,,,,,,,,golf,,,,,,,,,,,,1,,,,,,,,,,,,,,,,,,,,,,,,,947421.4736194708,53.66322032445016,-113.48549177658461,Alberta,AA00076
,,,Edmonton Springs Golf Resort,,,,,,,,,,,,,,,,,,,,,,,,,,,,,,,,,,,,,,,,,,,,,,,,944918.744816694,53.58337665334589,-113.79396541021063,Alberta,AA00242
174,T1S 1A5,Northridge Drive,D'Arcy Ranch Golf Club,,Okotoks,,,,,,,,,,,,,,,,,,,,,,,,,,,,,,,,,,,,,,,,,,,,,,926819.2013866309,50.73804575705134,-113.9943620570348,Alberta,AA00130
,,,Elbow Springs Golf Club,,,,,,,,,,,,,,,,,,,,,,,,,,,,,,,,,,,,,,,,,,multipolygon,,,,,,924786.5764849439,51.012470346343626,-114.248015795166,Alberta,AA00042
,,,Silver Creek Golf Course,,,,,https://silvercreekgolfcourse.com/,,,,,,,,,,,,,,,,,,,,,,,,,,,,,,,,,,,,,,,,,,,922779.4971450004,52.889960182215674,-112.96582882676871,Alberta,AA00171
,,,Fort McMurray Golf Club,,,,,,,,,,,,,,,,,,,,,,,,,,,,,,,,,,,,,,,,,,,,,,,,911549.3556490379,56.71135051295843,-111.44511476857777,Alberta,AA00087
29509,,Rge Rd 34,Tooth of the Dogpound Creek Golf Course,,,,+1 403 337 4880,https://www.toothofthedogpound.com,,,,,,,,,,,,,,,,,,,,,,,,,,,,,,,,,,,,,,,,,,,899958.9389796818,51.52045737647583,-114.37043499868989,Alberta,AA00295
42,T0B3H0,Whitetail Drive,Whitetail Crossing Golf Club,,Mundare,,,,Alberta,,,,,,,,,,,,,,,,,,,,,,,,,,,,,,,,,,,,,,,,,,897006.8837600639,53.581477013497285,-112.35120448155654,Alberta,AA00307
,,,Claresholm,,,,,,,,,,,,,,,,,,,,,,,,,,,,,,,,,,,,,,,,,,,,,,,,882806.6904765754,50.010054537694344,-113.58879925620397,Alberta,AA00185
,,,McCall Lake Golf Club,,,,,,,,,,,,,,City of Calgary,,,,,,,,,,,,,,,,,,,,,,,,,,,,,,,,,,882288.7277450647,51.086392720292736,-114.02203775351806,Alberta,AA00048
,,,Edmonton Petroleum Golf & Country Club,,,,,,,,,,,,,,,,,,,,,,,,,,,,,,,,,,,,,,,,,,,,,,,,881377.4624255543,53.41561657604603,-113.69537843959206,Alberta,AA00230
2000,,Silvertip Trail,Silvertip,,Canmore,,,,Alberta,,,,,,,,,,,,,,,,,,,,,,,,,,,,,,,,,,,,,,,,,,869231.6975064148,51.101323215373974,-115.33827597853741,Alberta,AA00117
,,,Edmonton Country Club and Golf Course,,,,,,,,,,,,,,,,,,,,,,,,,,,,,,,,,,,,,,,,,,,,,,,,868835.2731946963,53.49055817031657,-113.60429594838816,Alberta,AA00107
,,,Sirocco Golf Club,,,,,,,,,,,,,,,,,,,,18_hole,72,grass,,,,,,,,,,,,,,,,,,,,,,,,,,863879.0896366918,50.8483471312125,-114.08389547902453,Alberta,AA00127
,,,Unknown Golf Course,,,,,,,,,,,,,,,,,,,,,,,,,,,,,,,,,,,,,,,,,,,,,,,,851038.6681776004,53.53742547912894,-114.43461640158733,Alberta,AA00166
,,,Brewster's Kananaskis Ranch golf course,,,,,,,,,,,,,,,,,,,,,,,,,,,,,,,,,,,,,,,,,,,,,,,,847676.7228488976,51.09849363701525,-115.08220448441497,Alberta,AA00182
,,,Redwood Meadows Golf & Country Club,,,,,,,,,,,,,,,,,,,,,,,,,,,,,,,,,,,,,,,,,,multipolygon,,,,,,839261.3034477442,50.97873091979281,-114.5251247816054,Alberta,AA00038
,,,Paradise Canyon Golf & Country Club,,,,,,,,,,,,,,,,,,,,,,,,,,,,,,,,,,,,,,,,,,,,,,,,832673.70107045,49.65005322369761,-112.83187291714405,Alberta,AA00205
1,,C.A. Knight Way,Miskanaw Golf Club,,Fort McMurray,,+1-780-790-1812,https://www.miskanaw.ca/,Alberta,,,,,,,,,,,,,,,,,,,,,,,,,,,,,https://www.facebook.com/MiskanawGolfClub/,https://images.squarespace-cdn.com/content/v1/5c901175840b1666619f3b82/1555013927741-9XEIJVSEH27ERP6U2DSD/IMG_1219-21-03-19-11-47.JPG?format=2500w,,,,,,,,,,,,829607.3377853099,56.738948719503036,-111.37952466644283,Alberta,AA00298
400,T1V 1M6,7 Street NW,Highwood Golf And Country Club,,High River,,,https://highwoodgolf.com/,,,,,,,,,,,,,,,,,,,,,,,,,,,,,,,,,,,,,,,,,,,826012.9509156264,50.585662843807434,-113.88528507917803,Alberta,AA00177
,,,Pinehills Golf Course,,,,,,,,,,,,,,,,,,,,,,,,,,,,,,,,,,,,,,,,,,,,,,,,811719.1205589471,52.39370365585026,-114.99033501001783,Alberta,AA00250
,,,Athabasca Golf & Country Club,,,,,,,,,,,golf,,NRCan-CanVec-7.0,,,,,,,,,,,,,,,,,,,,,,,,,,,,,,,,,,,806071.6413655389,54.73855241193845,-113.27892134918723,Alberta,AA00102
,,,Picture Butte Golf Club,,,,,,,,,,,,,,,,,,,,,,,,,,,,,,,,,,,,,,,,,,,,,,,,797146.8720486407,49.857695417639995,-112.83105140112725,Alberta,AA00160
,,,Picture Butte Golf Club,,,,,,,,,,,,,,,,,,,,,,,,,,,,,,,,,,,,,,,,,,,,,,,,797146.8720486407,49.857695417639995,-112.83105140112725,Alberta,AA00159
2300,T2X 0R3,194 Avenue SE,Blue Devil Golf Club,,Calgary,06:00-22:00,+1 403-452-7892,https://www.bluedevilgolf.com/,Alberta,,,,,,,,,,,,,,,,,,2013,,,,,,,,,,,,,,,,,,,,,,,,796087.2238747602,50.884004447284255,-114.00716585253295,Alberta,AA00155
,,,Canyon Meadows Golf Course,,,,,,,,,,,golf,,,,,,,,,,,,,,,,,,,,,,,,,,,,,,,,,,,,,795571.0878415406,50.944787952209495,-114.0997845692381,Alberta,AA00046
,,,McKenzie Meadows Golf Course,,,,,,,,,,,golf,,,,,,,,,,,,,,,,,,,,,,,,,,,,,,,,,,,,,794659.1680001358,50.90296046626215,-114.00311284316915,Alberta,AA00188
,,,Turner Valley Golf Club,,,,,https://turnervalleygolf.com/,,,,,,,,,,,,,,,,,,,,,,,,,,,,,,,,,,,,,,,,,,,789181.2377323956,50.66900919558668,-114.26061416348414,Alberta,AA00281
253200,T1Z 0E6,Range Road 280,The Canal at Delacour,,Delacour (Rockyview),,,,AB,,,,,,,,,,,,,,,,,,,,,,,,,,,,,,,,,,,,,,,,,,783293.0999639649,51.14803941288405,-113.76682281972671,Alberta,AA00285
,,,Collicutt Siding Golf Club,,,,,,,,,,,,,,,,,,,,,,,,,,,,,,,,,,,,,,,,,,,,,,,,777737.2889481534,51.41157459638459,-114.04331510130548,Alberta,AA00204
,,,Blackhawk Golf Club,,,,,,,,,,,,,,,,,,,,,,,,,,,,,,,,,,,,,,,,,,,,,,,,772255.4095357702,53.386637663127026,-113.66119993697467,Alberta,AA00233
4540,T6L 6P6,50 Street NW,Mill Woods Golf Course,,Edmonton,Tu-Sa 06:30-18:00,+1-780-448-1601,https://www.millwoodsgolfcourse.com/,,,,,,,,,Mill Woods Cultural and Recreational Facility Association,,,,,,,,,,,,,golf@mwgolf.com,,,no,,,,,,,,,,,,,,,,,,757706.0625449924,53.481799361501054,-113.43378287044499,Alberta,AA00066
201,,Golf Course Crescent,Hanna Golf Club,,,,,,,,,,,,,,,,,,,,,,,,,,,,,,,,,,,,,fence,,,,,,,,,,,747537.4145403415,51.653509836496866,-111.92880788200125,Alberta,AA00175
1240,,Mapleglade Drive SE,Maple Ridge Golf Course,,Calgary,,,http://www.calgary.ca/CSPS/Recreation/Pages/Golf-courses/Maple-Ridge.aspx,,,,,,golf,,,City of Calgary,,,,,,,,,,,,,,,,,,,,,,,,,,,,,,,,,,736154.3957436106,50.95676034102488,-114.03368997097895,Alberta,AA00075
,,,Winston (Calgary Elks) Golf Club,,,,,,,,,,,,,,,,,,,,,,,,,,,,,,,,,,,,,,,,,,,,,,,,733769.9204594818,51.07472768236034,-114.04130136499597,Alberta,AA00055
,,,Cardston,,,,,,,,,,,,,,,,,,,,,,,,,,,,,,,,,,,,,,,,,,,,,,,,733237.0148404951,49.184107233301866,-113.31940008623151,Alberta,AA00134
24427,T8T 1L4,Township Road 542,Cattail Crossing Golf Club,,Sturgeon County,,,https://cattailcrossing.ca/,AB,,,,,,,,,,,,,,,,,,,,,info@cattailcrossing.ca,,,,,,,,,,,,,,,,,,,,,727331.2852704345,53.65386020255326,-113.51137622151396,Alberta,AA00244
,,,Lethbridge Country Club,,,,,,,,,,,,,,,,,,,,,,,,,,,,,,,,,,,,,,,,,,,,,,,,711019.3803707807,49.67267507467434,-112.84440874884154,Alberta,AA00211
,,,Drayton Valley Golf Club,,,,,,,,,,,,,,,,,,,,,,,,,,,,,,,,,,,,,,,,,,,,,,,,707576.6990250815,53.256271867388634,-114.96847404186218,Alberta,AA00202
1505,,2 street,Wainwright Golf Club,,Wainwright,,,https://www.golfwainwright.com/,,,,,,,,,,,,,,,,,,,,,,,,,,,,,,,,,,,,,,,,,,,700748.187172155,52.846784199592285,-110.86507689840678,Alberta,AA00148
5685,T6W 0S6,Windermere Boulevard SW,River Ridge Golf and Country Club,,Edmonton,,,https://countryclubtour.com/river-ridge/,AB,,,,,,,,,,,,,,18,71,,,,,,,,,,,,,,,,,,,,,,,,,,,696637.8571454769,53.439916678170356,-113.63547900885737,Alberta,AA00074
5685,T6W 0S6,Windermere Boulevard SW,River Ridge Golf and Country Club,,Edmonton,,,https://countryclubtour.com/river-ridge/,AB,,,,,,,,,,,,,,18,71,,,,,,,,,,,,,,,,,,,,,,,,,,,696637.8571454769,53.439916678170356,-113.63547900885737,Alberta,AA00073
,,,Goose Hummock Golf Course,,,,,,,,,,,,,,,,,,,,,,,,,,,,,,,,,,,,,,,,,,,,,,,,695394.0560090744,53.87075255829499,-113.3274276661084,Alberta,AA00158
,,,The Track Golf Course,,,,,,,,,,,,,,,,,,,,,,,,,,,,,,,,,,,,,,,,,,multipolygon,,,,,,684743.2275389724,50.961225717199035,-113.66676399174888,Alberta,AA00044
,,,Sylvan Lake Golf & Country Club,,,,,,,,,,,,,,,,,,,,,,,,,,,,,,,,,,,,,,,,,,,,,,,,680542.9194907472,52.30874490556095,-114.11364600022691,Alberta,AA00070
19110,T6W1A5,Ellerslie Road SW,Windermere Golf and Country Club,,Edmonton,,+1-780-988-5501,https://windermeregcc.com,AB,,,,,,,,,,,,,,18,,,,,,,,,,,,,,,,,,,,,,,,,,,,680136.0643117438,53.428510332056064,-113.64771105084274,Alberta,AA00072
,,,Grande Cache,,,,,,,,,,,,,,,,,,,,,,,,,,,,,,,,,,,,,,,,,,,,,,,,677796.732929252,53.90068905325585,-119.10325951112786,Alberta,AA00225
,,,Red Deer Country Club,,,,,,,,,,,,,,,,,,,,,,,,,,,,,,,,,,,,,,,,,,,,,,,,675471.7238479828,52.26669166861551,-113.84488094296408,Alberta,AA00203
,,,Unknown Golf Course,,,,,,,,,,,golf,,NRCan-CanVec-7.0,,,,,,,,,,,,,,,,,,,,,,,,,,,,,,,,,,,673222.7073820045,54.09922015159466,-114.43885276363334,Alberta,AA00092
,,,Bonnyville Golf & Country Club,,,,,,,,,,,,,,,,,,,,,,,,,,,,,,,,,,,,,,,,,,,,,,,,666148.7445772131,54.249579751202326,-110.83417791202838,Alberta,AA00276
711040,T8V 3A7,Resources Road,Grande Prairie Golf & Country Club,,Grande Prairie,,,,Alberta,,,,,,,,,,,,,,,,,,,,,,,,,,,,,,,,,,,,,,,,,,664217.2179200465,55.13084208947395,-118.77576052069914,Alberta,AA00137
285127,,Symons Valley Road,Unknown Golf Course,,,,,,,,,,,,,,,,,,,,,,,,,,,,,,,,,,,,,,,,,,,,,,,,662353.3905424397,51.44148300826948,-114.28942573736956,Alberta,AA00186
,,,Magrath Golf Club,,,,+1-403-758-3054,https://www.magrathgolf.com,,,,,,,,,,,,,,,,,,,,,,,,,,,,,,,,,,,,,,,,,,,661123.90286211,49.397308196138304,-112.8846063753079,Alberta,AA00263
11064,,Township Road 275,Apple Creek Golf Course,,,,,,,,,,,,,,,,,,,,18_hole,,,,,,,,,,,,,,,,,,,,,,,,,,,,656013.7986236585,51.347366849216186,-114.031076042635,Alberta,AA00257
44001,T1S 4X7,Dunbow Road,Carnmoney Golf & Country Club,,,,+1-403-256-6257,https://www.carnmoney.com/,,,,,,,,,,,+1-403-256-6484,,,,,,,,,,,info@carnmoney.com,,,,,,,,,,,,,,,,,,,,,654328.5500253355,50.83038040664489,-113.93487067060217,Alberta,AA00255
,,,Riverbank Golf & RV Park,,,,,,,,,,,,,,,,,,,,,,,,,,,,,,,,,,caravan_site,,,,,,,,,,,,,,653773.3541161576,55.1733875378497,-112.46302742621403,Alberta,AA00308
,,,Unknown Golf Course,,,,,,,,,,,,,,,,,,,,,,,,,,,,,,,,,,,,,,,,,,,,,,,,650368.3984119666,51.030943612093914,-114.24779369262868,Alberta,AA00138
,,,Nanton,,,,,,,,,,,,,,,,,,,,,,,,,,,,,,,,,,,,,,,,,,,,,,,,647825.6182019629,50.35221327324335,-113.76287638301257,Alberta,AA00289
,,,Bear Creek Golf Course,,,,,,,,,,,,,,,,,,,,,,,,,,,,,,,,,,,,,,,,,,,,,,,,643619.3000258793,55.203513746487346,-118.83916976153907,Alberta,AA00253
9574,T7X 5A2,Pinchback Road,The Ranch Golf & Country Club,,Acheson,Mo-Su 06:00-23:00,+1 780 470 4700,https://www.theranchgolf.com,AB,,,,,,,,,,,,,,,,,,,,,,,,,,,,,,,,,,,,,,,,,,642685.4062739902,53.530321434355514,-113.74431047315854,Alberta,AA00259
,,,Ponoka,,,,,,,,,,,golf,,NRCan-CanVec-7.0,,,,,,,,,,,,,,,,,,,,,,,,,,,,,,,,,,,641839.2095780738,52.65863926871505,-113.57042893076837,Alberta,AA00100
,,,Broadmoor Public Golf Course,,,,+1-780-467-7373,https://www.thebroadmoor.ca/,,,,,,,,,Broadmoor Public Golf Course,,,,,,,,,,,,,,,,,,,,,,,,,,,,multipolygon,,,,,,641516.4349234938,53.52964250498128,-113.31157292761483,Alberta,AA00041
,,,Olds Golf Course,,,,,,,,,,,,,,,,,,,,,,,,,oldsgolf.com,,,,,,,,,,,,,,,,,,,,,,,639388.4495018901,51.806006367977325,-114.05497105064114,Alberta,AA00214
,,,Valley Ridge Golf Club,,,,,,,,,,,,,,,,,,,,,,,,,,,,,,,,,,,,,,,,,,,,,,,,638360.014602755,51.09789185473879,-114.25427477494809,Alberta,AA00082
,,,Terrae Pines Golf & Country Club & RV Park,,,,,,,,,,,,,,,,,,,,,,,,,,,,,,,,,,,,,,,,,,,,,,,,638119.1843833425,53.70927194861664,-113.64569041554273,Alberta,AA00245
,,,Grand Centre Golf & Country Club,,,,,,,,,,,,,,,,,,,,,,,,,,,,,,,,,,,,,,,,,,,,,,,,636445.3341571584,54.38783217311692,-110.1615883392772,Alberta,AA00172
,,,Balmoral Golf Course,,,,,,,,,,,golf,,NRCan-CanVec-8.0,,,,,,,,,,,,,,,,,,,,,,,,,,,,,,,,,,,635940.300880319,52.27762572435775,-113.72484708660959,Alberta,AA00109
26029,T8T 0K8,Meadowview Drive,Sandpiper Golf & Country Club,,Sturgeon County,,+1-780-408-8687,https://countryclubtour.com,,,,,,,,,,,,,,,,,,,,,,,,,,,,,,,,,,,,,,,,,,,634421.0470645629,53.61622165359094,-113.70720542746517,Alberta,AA00300
,,,Muirfield Lakes Golf Club,,,,,,,,,,,,,,,,,,,,,,,,,,,,,,,,,,,,,,,,,,multipolygon,,,,cloud-obscured aerial,,630607.5366316234,51.119198723781324,-113.59792572765889,Alberta,AA00032
,,,Spruce Meadows Golf Club,,,,,,,,,,,,,,,,,,,,,,,,,,,,,,,,,,,,,,,,,,,,,,,,630602.2837312771,55.40700195476197,-118.69894999568383,Alberta,AA00252
,,,Canmore Golf Club,,,,,,,,,,,,,,,,,,,,,,,,,,,,,,,,,,,,,,,,,,,,,,,,624724.7559133096,51.10531295305293,-115.37218331991826,Alberta,AA00065
,,,Belevedere Golf & Country Club,,,,,,,,,,,golf,,,,,,,,,,,,,,,,,,,,,,,,,,,,,,,,,,,,,623707.5526631334,53.42855589349003,-113.25254877213807,Alberta,AA00067
,,,Fort in View Golf Course,,,,,,,,,,,,,,,,,,,,,,,,,,,,,,,,,,,,,,,,,,,,,,,,622316.8685275712,53.727055231450294,-113.2791349078637,Alberta,AA00248
,,,Highlands Golf Course,,,,,,,,,,,,,,,,,,,,,,,,,,,,,,,,,,,,,,,,,,,,,,,,619546.6672631092,53.56017935636826,-113.43568808901435,Alberta,AA00071
55307,T8R 1S1,Range Road 251,"Cardiff Golf & Country Club,",,,,,,,,,,,golf,,NRCan-CanVec-7.0,,,,,,,,,,,,,,,,,,,,,,,,,,,,,,,,,,,618596.7852265164,53.768724232496744,-113.5912074705473,Alberta,AA00088
,,Range Road 13,Rolling Green Fairways,,,,,https://rollinggreen.ca/,,,,,,,,,,,,,,,,,,,,,,,,,,,,,,,,,,,,,,,,,,,618256.6224615205,53.288929766936825,-110.07256592895183,Alberta,AA00284
,,,Meadowlands Golf Club,,,,,,,,,,,,,,,,,,,,,,,,,,,,,,,,,,,,,,,,,,multipolygon,,,,,,616373.7230821735,52.28618261150345,-114.0860865792237,Alberta,AA00040
,,,Cougar Creek Golf Resort,,,,,,,,,,,,,,,,,,,,,,,,,,,,,,,,,,,,,,,,,,,,,,,,610907.9830390582,53.56631451206062,-114.29025334605976,Alberta,AA00217
,,,Pheasantback Golf Club,,,,,,,,,,,,,,,,,,,,,,,,,,,,,,,,,,,,,,,,,,,,,,,,609244.6350736027,52.401313749399996,-112.7337599997886,Alberta,AA00142
,,,Fox Haven Golf & Country Club,,,,,,,,,,,,,,,,,,,,,,,,,,,,,,,,,,,,,,,,,,,,,,,,606157.6703013268,58.54767149119242,-117.10659357051152,Alberta,AA00290
,,,Coloniale Golf Course,,,,,,,,,,,,,,,,,,,,,,,,,,,,,,,,,,,,,,,,,,multipolygon,,,,,,606040.9693900018,53.35999023391477,-113.39860528510938,Alberta,AA00037
,,,Sturgeon Valley Golf Club,,,,,https://sturgeonvalleygolfclub.com/,,,,,,,,bing,,,,,,,,,,,,,,,,,,,,,,,,,,,,,,,,,,,603241.4260203129,53.678312389693666,-113.57343786276228,Alberta,AA00126
,,,Land O' Lakes,,,,,,,,,,,,,,,,,,,,18_hole,71,,,,,,,,,,,,,,,,,,,,,,,,,,,602409.7164665868,49.71661770152011,-112.63908087598105,Alberta,AA00200
,,,Lakeside Greens Golf Club,,,,,,,,,,,,,,,,,,,,,,,,,,,,,,,,,,,,,,,,,,multipolygon,,,,,,600405.9745561148,51.041445213812224,-113.82776998423776,Alberta,AA00029
19,T2B 3V7,Gosling Way SE,Inglewood Golf & Curling Club,,,,+1-403-272-9709,https://www.inglewoodgolfclub.ca/,,,,,,,,,,,,,,,,,,,,,,,,,,,,,,,,,,,,,,,,,,,598891.27853266,51.02804536374401,-114.0052067371328,Alberta,AA00086
,,,Country Side Golf Course,,,,,,,,,,,golf,,,,,,,,,,,,,,,,,,,,,,,,,,,,,,,,,,,,,598850.6524577275,53.43576220851544,-113.30156964426445,Alberta,AA00079
,,,Cottonwood Golf & Country Club,,,,,,,,,,,,,,,,,,,,,,,,,,,,,,,,,,,,,,,,,,,,,,,,598601.0344712714,50.85113303089336,-113.86004295051312,Alberta,AA00131
,,,Lynx Ridge Golf Course,,,,,,,,,,,,,,,,,,,,,,,,,,,,,,,,,,,,,,,,,,,,,,,,591414.9885056549,51.116489535780794,-114.26303426097112,Alberta,AA00080
260,T5T 4B7,Suder Greens Drive NW,Lewis Estates Golf Course,,Edmonton,,,,AB,,,,,golf,,,,,,,,,,,,,,,,,,,,,,,,,,,,,,,multipolygon,,,,,,589332.1581446005,53.52232145354095,-113.67619975556693,Alberta,AA00034
1211,,1 Avenue East,Brooks Golf Club,,Brooks,Su-Fr 09:00-20:00; Sa 10:00-20:00,+1-403-362-2998,https://www.brooksgolfclub.ca/,AB,,,,,golf,,,,,,,,,,,,,,,,,,,,,,,,,,,CA,,,,,,,,,,586451.6656159321,50.5576560142603,-111.87454629467814,Alberta,AA00135
,,,Glendale Golf & Country Club,,,,,,,,,,,golf,,NRCan-CanVec-7.0,,,,,,,,,,,,,,,,,,,,,,,,,,,,,,,,,,,586094.4960133035,53.581254256609924,-113.67025405316714,Alberta,AA00090
,,,Wintergreen Golf and Country Club,,,,+1-403-949-3333,https://wintergreengolf.com/,,,,,,,,,,,,,,,,,,,,,,information@wintergreengolf.com,,,,,,,,,,,,,,,,,,,,,583123.0951268036,50.98319835497112,-114.5666587367057,Alberta,AA00262
,,,Waterton Lakes Golf Course,,,,,,,,,,,,,Bing,,,,,,,,,,,,,,,,,,,,,,,,,,,,,,,,,,,581233.2777141203,49.079242804528704,-113.88886080342827,Alberta,AA00143
,,,Royal Mayfair Golf Club,,,,,,,,,,,,,,,,,,,,,,,,,,,,,,,,,,,,,,,,,,,,,,,,581075.3518108311,53.53329164009891,-113.54686974613197,Alberta,AA00291
,,,Redcliff Golf Course,,,,,,,,,,,,,local_knowledge,,,,,,,,,grass,,,,,,,,,,,,,,,,,,,,,,,,,,581002.9308236623,50.058532019283014,-110.77913857582439,Alberta,AA00139
,,,Alberta Beach Golf Resort,,,,,,,,,,,,,,,,,,,,,,,,,,,,,,,,,,,,,,,,,,,,,,,,580627.2107391396,53.68668101381057,-114.33831296838503,Alberta,AA00246
,,,The Links Golf Course,,,,,,,,,,,,,,,,,,,,,,,,,,,,,,,,,,,,,,,,,,,,,,,,579213.6954385411,53.56522814104299,-113.89982206932717,Alberta,AA00164
1194,T1B 1W2,27 Street Southeast,Connaught Golf Club,,Medicine Hat,,,,,,,,,,,,,,,,,,,,,,,,,,,,,,,,,,,,,Golf Course,,,,,,,,,575921.6409635678,50.013280045663585,-110.67308754162758,Alberta,AA00113
,,,Unknown Golf Course,,,,,,,,,,,golf,,NRCan-CanVec-10.0,,,,,,,,,,,,,,,,,,,,,,,,,,,,,,,,,,,570689.5298599121,57.05363500611006,-117.56422089452813,Alberta,AA00304
,,,Edson Golf Course,,,,,,,,,,,,,,,,,,,,,,,,,,,,,,,,,,,,,,,,,,,,,,,,568414.6017656863,53.58076813550985,-116.40294052712294,Alberta,AA00184
18,,Fairway Drive,Stony Plain Golf Course,,Stony Plain,,,https://golfstonyplain.com/,Alberta,,,,,,,,,,,,,,,,,,,,,,,,,,,,,,,,,,,,multipolygon,,,,,,562120.8531721308,53.530499539666906,-113.97613066895411,Alberta,AA00043
,,,Leduc Golf & Country Club,,,,,,,,,,,,,,,,,,,,,,,,,,,,,,,,,,,,,,,,,,,,,,,,559842.6815260978,53.2541695166124,-113.56819471391694,Alberta,AA00078
,,,Camrose Golf & Country Club,,,,,,,,,,,,,,,,,,,,,,,,,,,,,,,,,,,,,,,,,,,,,,,,559816.7877143396,53.02525250104321,-112.84862901586794,Alberta,AA00149
,,,Derrick Golf and Winter Club,,,,,,,,,,,,,,,,,,,,,,,,,,,,,,,,,,,,,,,,,,,,,,,,555236.7093023035,53.46829466718323,-113.54425085417604,Alberta,AA00063
,,,Unknown Golf Course,,,,,,,,,,,,,,,,,,,,,,,,,,,,,,,,,,,,,,,,,,,,,,,,554471.1811411325,50.70725927699837,-113.91248581732096,Alberta,AA00140
6540,T3E 5L2,20 Street SW,Earl Grey Golf Club,,,,+1-403-249-5548,https://www.earlgreygolfclub.com/,,,,,,,,,,,+1-403-246-2458,,,,,,,,,,,,,,,,,,,,,,,,,,,,,,,,552902.4997202508,50.992903332382305,-114.1110841615366,Alberta,AA00052
,,,Victoria Golf Course,,,Mo-Su 06:00-10:00,,,,,,,,,,,,,,,,,,,,,,,,,,yes,,,,,,,,,,,,,,,,,,,550563.4404965776,53.53647968808332,-113.52625763698252,Alberta,AA00062
,,,Eagle Rock Golf Course,,,,,,,,,,,,,,,,,,,,,,,,,,,,,,,,,,,,,,,,,,,,,,,,548597.125291779,53.362913751194306,-113.31215460720809,Alberta,AA00239
,,,Sundre Golf Club,,,,,,,,,,,,,,,,,,,,,,,,,,,,,,,,,,,,,,,,,,,,,,,,545159.6359894734,51.79914039190163,-114.60830611290733,Alberta,AA00219
,,,Carstairs Community Golf Course,,,,,,,,,,,,,,Town Of Carstairs,,,,,,,,,,,,,,,,,,,,,,,,,,,,,,,,,,543366.1941465643,51.5740844697736,-114.08933042564126,Alberta,AA00152
,,,Willow Park Golf Course,,,,,,,,,,,golf,,,,,,,,,,,,,,,,,,,,,,,,,,,,,,,multipolygon,,,,,,542627.8977532538,50.95564536109295,-114.05221971907802,Alberta,AA00027
4909,,44 Street,Taber Golf Club,,,,,https://www.tabergolf.ca/,,,,,,,,,,,,,,,,,,,,,,,,,,,,,,,,,,,,,,,,,,,536560.9755185687,49.78199988478706,-112.16327718228823,Alberta,AA00174
947,T1C 1R2,Pigeon St NE,Medicine Hat Golf and Country Club,,Medicine Hat,,,,AB,,,,,,,bing,,,,,,,,,,,,,,,,,,,,,,,,,,,,,,,,,,,528036.0262151492,50.04916749225551,-110.65826925047253,Alberta,AA00114
251,T5Y 6K8,153 Avenue NE,Raven Crest Golf & Country Club,,Edmonton,Mo-Su 06:30-21:30,+1-780-408-8687,https://countryclubtour.com,AB,,,,,,,Bing,,,,,,,,,,,,,,,,,,,,,,,,,,,,,,,,,,,515682.80489473307,53.610878076937105,-113.33786429341718,Alberta,AA00228
,,,Drumheller,,,,,,,,,,,,,,,,,,,,,,,,,,,,,,,,,,,,,,,,,,,,,,,,513812.07828604523,51.48418694853792,-112.79942688907254,Alberta,AA00268
,,,JR Golf Course,,,,,,,,,,,golf,,NRCan-CanVec-7.0,,,,,,,,,,,,,,,,,,,,,,,,,,,,,,,,,,,513395.67636622716,53.60824716600648,-113.78333301894033,Alberta,AA00089
,,,Calgary Golf & Country Club,,,,,,,,,,,,,,,,,,,,,,,,,,,,,,,,,,,,,,,,,,,,,,,,488949.9061503197,51.00425694229925,-114.08854790900045,Alberta,AA00054
,,,Vegreville Kinsmen Golf Course,,,,,,,,,,,,,,,,,,,,,,,,,,,,,,,,,,,,,,,,,,,,,,,,488849.5825529392,53.51807772506171,-112.03843779541448,Alberta,AA00315
,,,Unknown Golf Course,,,,,,,,,,,golf,,NRCan-CanVec-10.0,,,,,,,,,,,,,,,,,,,,,,,,,,,,,,,,,,,484284.01173407387,53.885009135123575,-110.92709600098573,Alberta,AA00145
,,,Lacombe,,,,,,,,,,,golf,,NRCan-CanVec-8.0,,,,,,,,,,,,,,,,,,,,,,,,,,,,,,,,,,,481913.1330511568,52.467055680581225,-113.75466837814125,Alberta,AA00108
,,,Henderson Lake Golf Course,,,,,,,,,,,,,,,,,,,,,,,,,,,,,,,,,,,,,,,,,,,,,,,,474870.93008923525,49.68526583213329,-112.79513530160862,Alberta,AA00060
,,,Twin Willows Golf Club,,,,,,,,,,,,,,,,,,,,,,,,,,,,,,,,,,,,,,,,,,,,,,,,473111.0512531381,53.6023499674979,-113.59661763486912,Alberta,AA00189
125,T3Z,Hackamore Trail,Springbank Links Golf Club,,Calgary,,,,AB,,,,,,,,,,,,,,,,,,,,,,,,,,,,,,,,,,,,,,,,,,464185.9847060313,51.11394252054372,-114.30873876759482,Alberta,AA00141
,,,Shaganappi Point Golf Course - 18 Holes,,,,,,,,,,,,,,,,,,,,,,,-1,,,,,,,,,,,,,,,,,,,multipolygon,,,,,,463989.86461059493,51.045089350936976,-114.12649445781,Alberta,AA00025
,,,Unknown Golf Course,,,,,,,,,,,golf,,NRCan-CanVec-7.0,,,,,,,,,,,,,,,,,,,,,,,,,,,,,,,,,,,452903.3673203048,53.05095570915347,-113.99260053328894,Alberta,AA00097
,,,Unknown Golf Course,,,,,,,,,,,,,,,,,,,,,,,,,,,,,,,,,,,,,,,,,,,,,,,,450515.82839983836,53.43959722101655,-113.3129313676473,Alberta,AA00234
,,,Unknown Golf Course,,,,,,,,,,,,,,,,,,,,,,,,,,,,,,,,,,,,,,,,,,,,,,,,450515.82839983836,53.43959722101655,-113.3129313676473,Alberta,AA00235
,,,Elk Island Golf Course,,,,+1-780-998-3161,https://www.elkislandgolf.com/,,,,,,,,,Parks Canada,,,,,,,,,,,,,,,,,,,,,,,,,,,,,,,,,,447748.43409766577,53.668823334034336,-112.8291413681926,Alberta,AA00232
,,,Fox Hollow Golf Club,,,,,,,,,,,,,,,,,,,,,,,,,,,,,,,,,,,,,,,,,,,,,,,,443786.7120056896,51.07465644168433,-114.03181806937108,Alberta,AA00056
234024,T1X 0J8,Range Road 285,Heather Glen Golf Course,,,,+1-403-236-4653,https://www.heatherglengolf.com/,,,,,,,,,,,,,,,,,,,,,,,,,,,,,,,,,,,,,,,,,,,439413.4544874937,50.98352100857931,-113.88473074941409,Alberta,AA00209
,,,Riverside Golf Course,,,,,,,,,,,,,,,,,,,,,,,,,,,,,,,,,,,,,,,,,,,,,,,,423207.5298167406,53.55245558348373,-113.46005012123304,Alberta,AA00064
53213,,Highway 31,Pineridge Golf Resort,,,,,,,,,,,,,,,,,,,,,,,,,,,,,,,,,,,,,,,,,,,,,,,,412638.0480363403,53.574436763686315,-114.73031500766736,Alberta,AA00254
,,,Dreamcatcher Golf Course,,,,,,,,,,,,,,,,,,,,,,,,,,,,,,,,,,,,,,,,,,,,,,,,406298.3407246482,53.54593565120935,-116.7833870440901,Alberta,AA00215
,,,Oyen,,,,,,,,,,,,,,,,,,,,,,,,,,,,,,,,,,,,,,,,,,,,,,,,401955.2805355942,51.346118890227764,-110.46918730024629,Alberta,AA00272
,,,Fairview Golf Club,,,,,,,,,,,,,,,,,,,,,,,,,,,,,,,,,,,,,,,,,,,,,,,,396839.2345014774,56.07753046398473,-118.38496740730619,Alberta,AA00176
,,,Silver Springs Golf & Country Club,,,,,,,,,,,,,,,,,,,,,,,,,,,,,,,,,,,,,,,,,,,,,,,,394749.66064634756,51.09645682774124,-114.17378049478144,Alberta,AA00061
,,,Unknown Golf Course,,,,,,,,,,,golf,,NRCan-CanVec-10.0,,,,,,,,,,,,,,,,,,,,,,,,,,,,,,,,,,,393450.57842452265,58.54646030938694,-117.10893996207058,Alberta,AA00303
,,,Unknown Golf Course,,,,,,,,,,,,,survey & Esri World Imagery 13-08-20,,,,recreation_ground,,,,,,,,,,,,,,,,,,,,,,,,,,,,,,,391559.5887654549,50.74258253217262,-111.90275756852319,Alberta,AA00265
,,,Unknown Golf Course,,,,,,,,,,,golf,,NRCan-CanVec-10.0,,,,,,,,,,,,,,,,,,,,,,,,,,,,,,,,,,,388378.5254488616,53.033136774117125,-110.28030959664692,Alberta,AA00168
,,,Rundle Park Golf Course,,,,,,,,,,,,,,City of Edmonton,,,,,,,,,,,,,,,,,public,Q2096,,,,,,,,,,,,,,,,387897.01352957165,53.56937028063655,-113.38245238315159,Alberta,AA00162
,,,Devon Golf & Conference Centre,,,,,,,,,,,,,,,,,,,,,,,,,,,,,,,,,,,,,,,,,,,,,,,,385777.6057685454,53.366989586998685,-113.7098978617323,Alberta,AA00136
,,,Daysland Golf Course,,,,,,,,,,,,,,Town of Daysland,,,,,,,,,,,,,,,,,,,,,,,,,,,,,,,,,,385102.46237594355,52.87058516413615,-112.26342595509564,Alberta,AA00236
,,,St. Paul Golf Club,,,,,,,,,,,,,,,,,,,,,,,,,,,,,,,,,,,,,,,,,,,,,,,,383044.5418133357,53.98685971203256,-111.31148070429359,Alberta,AA00212
,,,Unknown Golf Course,,,,,,,,,,,,,,,,,,,,,,,,,,,,,,,,,,,,,,,,,,,,,,,,374816.47215175943,53.368303788672236,-111.15205237825334,Alberta,AA00260
,,,Moose Creek Golf Club,,,,,,,,,,,,,,,,,,,,,,,,,,,,,,,,,,,,,,,,,,,,,,,,374107.3490238523,53.238502753556304,-114.04330735073648,Alberta,AA00269
3204,,Collingwood Drive NW,Confederation Park Golf Course,,Calgary,,,http://www.calgary.ca/CSPS/Recreation/Pages/Golf-courses/Confederation-Park.aspx,,,,,,,,,City of Calgary,,,,,,,,,,,,,,,,,,,,,,,,,,,,,,,,,,359738.62186139764,51.078485953111326,-114.09981167100416,Alberta,AA00051
5414,T0B 4K0,55 Street,Two Hills Lions Golf & Country Club,,Two Hills,,,https://twohillsgolf.com,Alberta,,,,,,,,,,,,,,,,,,,,,,,,,,,,,,,,,,,,,,,,,,359051.1434395939,53.713202717717124,-111.75919105202065,Alberta,AA00181
9,T1S 1A4,Crystal Green Lane,Crystal Ridge Golf Club,,Okotoks,,,,,,,,,,,,,,,,,,,,,,,,,,,,,,,,,,,,,,,,multipolygon,,,,,,358901.00283556397,50.73606822277531,-113.94559157203977,Alberta,AA00030
,,,Unknown Golf Course,,,,,,,,,,,golf,,NRCan-CanVec-8.0,,,,,,,,,,,,,,,,,,,,,,,,,,,,,,,,,,,352011.5570174465,52.33039766599702,-114.05841419088428,Alberta,AA00110
60017,T7P 2P6,Range Road 272,Westlock Golf Course,,,,,,,,,,,golf,,NRCan-CanVec-7.0,,,,,,,,,,,,,,,,,,,,,,,,,,,,,,,,,,,350856.75467118854,54.15610458831741,-113.94770492920931,Alberta,AA00091
,,,Chinook Valley,,,,,,,,,,,,,,,,,,,,,,,,,,,,,,,,,,,,,,,,,,,,,,,,350796.72526681924,55.59727072871932,-118.84697428774291,Alberta,AA00207
,,,Ardmore Golf & Country Club,,,,,,,,,,,,,,,,,,,,,,,,,,,,,,,,,,,,,,,,,,,,,,,,337353.52632632595,54.33853203052105,-110.47475964696865,Alberta,AA00277
3245,T1B 4B3,10 Avenue Southwest,Cottonwood Coulee Golf Course,,Medicine Hat,,,,,,,,,,,,,,,,,,,,,,,,,,,,,,,,,,,,,,,,,,,,,,331677.52775228454,50.007336303715235,-110.70467905274712,Alberta,AA00223
,,,Silver Springs Golf & Country Club,,,,,,,,,,,,,,,boundary aligned 2017-04 using Calgary open data Land Use Poly's; may not match fence lines well in some places (eg near roads),,,,,,,,,,,,,,,,,,,,,,,,,,,,,,,,,330743.2813215727,51.10195570000226,-114.17288553941096,Alberta,AA00050
,,,Akokiniskway Greens Golf,,,,,,,,,,,,,,,,,,,,,,,,,,,,,,,,,,,,,,,,,,multipolygon,,,,,yes,330453.53311414307,51.301705152668994,-112.9447106392263,Alberta,AA00031
,,,Pincher Creek Golf Club,,,,,,,,,,,,,,,,,,,,,,,,,,,,,,,,,,,,,,,,,,,,,,,,323529.9995703762,49.48007237401122,-113.94214684857138,Alberta,AA00156
,,,Unknown Golf Course,,,,,,,,,,,golf,,NRCan-CanVec-10.0,,,,,,,,,,,,,,,,,,,,,,,,,,,,,,,,,,,316403.028958574,56.19869441461254,-118.58233732756402,Alberta,AA00305
,,,Vulcan Golf & Country Club (back nine),,,,,,,,,,,,,,,,,,,,,,,,,,,,,,,,,,,,,,,,,,,,,,,,313501.0207161116,50.392805548809854,-113.27345844462634,Alberta,AA00302
,,,Unknown Golf Course,,,,,,,,,,,golf,,NRCan-CanVec-7.0,,,,,,,,,,,,,,,,,,,,,,,,,,,,,,,,,,,306243.5831759259,52.61235695464761,-114.24792975610303,Alberta,AA00105
,,,Viking Golf & Country Club,,,,,,,,,,,,,,,,,,,,,,,,,,,,,,,,,,,,,,,,,,,,,,,,304228.93134757975,53.092685460622775,-111.76377935139908,Alberta,AA00198
,,,Raymond Golf Course,,,,,,,,,,,,,,Town of Raymond,,,,,,,,,,,,,,,,,,,,,,,,,,,,,,,,,,304085.8064611315,49.460236233331685,-112.64269893828163,Alberta,AA00213
,,,Vermilion Golf and Country Club,,,,+1 780 8534444,https://vermiliongolf.ca,,,,,,,,,,,,,,,,,,,,,,vgcc@telus.net,,,,,,,,,,,,,,,,,,,,,294188.0676199232,53.333804294329646,-110.8510506406849,Alberta,AA00278
,,,Vulcan Golf & Country Club (front nine),,,,,,,,,,,,,,,,,,,,,,,,,,,,,,,,,,,,,,,,,,,,,,,,289793.7400421347,50.40086164999003,-113.2744952200584,Alberta,AA00161
,,,Bow Island,,,,,,,,,,,,,,,,,,,,,,,,,,,,,,,,,,,,,,,,,,,,,,,,279935.09336351225,49.86148403283979,-111.37459533600307,Alberta,AA00294
,,,Fawn Meadows Golf and Country Club,,,,,,,,,,,golf,,,,,,,,,,,,,,,,,,,,,,,,,,,,,,,,,,,,,278353.4921979752,52.19769727299752,-113.22249470661806,Alberta,AA00220
4944,,53 Street,Redwater Community Golf Club,,,,,,,,,,,golf,,NRCan-CanVec-7.0,,,,,,,,,,,,,,,,,,,,,,,,,,,,,,,,,,,277874.8866176486,53.95275516292601,-113.12130162525762,Alberta,AA00095
,,,Drumheller,,,,,,,,,,,,,,,,,,,,,,,,,,,,,,,,,,,,,,,,,,,,,,,,273017.721782376,51.479668010143094,-112.8034995129746,Alberta,AA00132
,,,Stettler Golf and Country Club Grounds,,,,,,,,,,,,,,Stettler Golf and Country Club,,,,,,,,,,,,,,,,,,,,,,,,,,,,,,,,,,272923.2995625145,52.32075488975338,-112.7237457086497,Alberta,AA00170
,,,Deer Meadows Golf Course & RV Park,,,,,,,,,,,,,,,,,,,,,,,,,,,,,,,,,,,,,,,,,,,,,,,,271679.1269260284,53.58823986982287,-113.80531991349841,Alberta,AA00243
,,,Unknown Golf Course,,,,,,,,,,,,,,,,,,,,,,,,,,,,,,,,,,,,,,,,,,,,,,,,264861.7563173518,53.364250511820494,-112.67706025081743,Alberta,AA00293
,,,Unknown Golf Course,,,,,,,,,,,,,,,,,,,,,,,,,,,,,,,,,,,,,,,,,,,,,,,,260917.36199630186,50.05364620014471,-112.14114000148132,Alberta,AA00266
57309,,Highway 22,Mayerthorpe Golf & Country Club,,,,,,,,,,,,,,,,,,,,,,,,,,,,,,,,,,,,,,,,,,,,,,,,258980.7790929776,53.93502699095632,-115.1355149517965,Alberta,AA00196
,,,Rainbow Lake Golf & Country Club,,,,,,,,,,,,,,,,,,,,,,,,,,,,,,,,,,,,,,,,,,,,,,,,258905.84319602756,58.505280460577424,-119.40562377834252,Alberta,AA00247
,,,Unknown Golf Course,,,,,,,,,,,,,,,,,,,,,,,,,,,,,,,,,,,,,,,,,,,,,,,,257929.11114325887,53.910829686522014,-114.37913705526987,Alberta,AA00249
,,,Unknown Golf Course,,,,,,,,,,,golf,,NRCan-CanVec-7.0,,,,,,,,,,,,,,,,,,,,,,,,,,,,,,,,,,,257114.11051043618,54.04493074906543,-111.31413470379145,Alberta,AA00133
,,,Unknown Golf Course,,,,,,,,,,,golf,,NRCan-CanVec-10.0,,,,,,,,,,,,,,,,,,,,,,,,,,,,,,,,,,,256524.7994433875,55.73731382710689,-118.78091972543317,Alberta,AA00311
,,,Fort Sask Golf and Curling Club,,,,,,,,,,,golf,,NRCan-CanVec-7.0,,,,,,,,,,,,,,,,,,,,,,,,,,,,,,,,,,,255132.0754432655,53.70571348981624,-113.20262242809241,Alberta,AA00096
,,,Bassano Golf Club,,,+1 403 641 4016,,http://www.bassanogolf.com/,,,,,,,,,,,,,,,,,,,,,,,,,,,,,,,,,,,,,,,,,,,254215.87031110865,50.79135289262666,-112.47953490038574,Alberta,AA00273
,,,Woodside Golf Course,,,,,,,,,,,golf,,,,,,,,,,,,,,,,,,,,,,,,,,,,,,,,,,,,,249587.4440872332,51.29639730009759,-114.04145840199955,Alberta,AA00104
,,,Trochu Golf and Country Club,,,,,,,,,,,,,,,,,,,,,,,,,,,,,,,,,,,,,,,,,,,,,,,,247198.2531959577,51.81875298392228,-113.23711491519495,Alberta,AA00197
,,,Breton,,,,,,,,,,,golf,,NRCan-CanVec-7.0,,,,,,,,,,,,,,,,,,,,,,,,,,,,,,,,,,,245748.15226301894,53.11624613628489,-114.47183288405621,Alberta,AA00098
12240,T5V1T8,199 Street NW,Dragon's Head Par 3 Golf Club,,Edmonton,Mo-Su 08:00-21:00,+1-780-944-4653,,AB,,,,,,,,,,,,,,,,,,,,,,,,,,,,,,,,,,,,,,,,,,232017.80578346367,53.57650277272008,-113.67048842513462,Alberta,AA00313
5400,,50 Street,Sedgewick Golf Club,,,,,,,,,,,golf,,,,,,,,,,,,,,,,,,,,,,,,,,,,,,,,,,,,,217715.301606466,52.782568886613035,-111.6939459206593,Alberta,AA00218
,,,Woodside Golf Course,,,,,,,,,,,golf,,,,,,,,,,,,,,,,,,,,,,,,,,,,,,,,,,,,,213144.7939492425,51.29636755705619,-114.0305930060624,Alberta,AA00103
,,,Kitscoty,,,,,,,,,,,golf,,NRCan-CanVec-10.0,,,,,,,,,,,,,,,,,,,,,,,,,,,,,,,,,,,211756.85333602692,53.33656880089326,-110.32647845877243,Alberta,AA00169
,,,Indian Hill Golf Course,,,,,,,,,,,,,,,,,,,,,,,,,,,,,,,,,,,,,,,,,,,,,,,,209295.6179453875,49.64650316387643,-112.46922269536428,Alberta,AA00275
90,T1B 4W1,Gehring Road SW,Paradise Valley Golf Course,,Medicine Hat,,,,,,,,,,,,,,,,,,,,,,,,,,,,,,,,,,,,,,,,,,,,,,204975.98835288134,50.010443894129956,-110.6959233778985,Alberta,AA00222
,,,Bondiss,,,,,,,,,,,,,,,,,,,,,,,,,,,,,,,,,,,,,,,,,,,,,,,,204610.68885878252,54.60674257293931,-112.70560859941504,Alberta,AA00241
,,,Unknown Golf Course,,,,,,,,,,,,,,,,,,,,,,,,,,,,,,,,,,,,,,,,,,,,,,,,202628.14243998495,51.144913987794375,-114.45895400803165,Alberta,AA00310
5201,T0C 1C0,Mary Street,Coronation Golf Club,,Coronation,,,,AB,,,,,,,,,,,,,,,,,,,,,,,,,,,,,,,,,,,,,,,,,,199139.5840612849,52.09810652865598,-111.45168130522028,Alberta,AA00292
,,,Bowden Hi-Way Golf Course,,,,,,,,,,,,,,,,,,,,,,,,,,,,,,,,,,,,,,,,,,,,,,,,198484.2586136024,51.92797507542439,-114.02913451354601,Alberta,AA00165
,,,Acme Golf Club,,,,,,,,,,,,,,,,,,,,,,,,,,,,,,,,,,,,,,,,,,,,,,,,196891.51981496712,51.49932138048868,-113.49978219850131,Alberta,AA00180
,,,Fort Macleod,,,,,,,,,,,,,,,,,,,,,,,,,,,,,,,,,,,,,,,,,,,,,,,,193534.72862619735,49.72114026485667,-113.42775993320193,Alberta,AA00179
,,,Foremost,,,,,,,,,,,,,,,,,,,,,,,,,,,,,,,,,,,,,,,,,,,,,,,,192923.76804503397,49.4744691964695,-111.45015932257586,Alberta,AA00226
,,,Heritage Pointe,,,,,,,,,,,,,,,,,,,,,,,,,,,,,,,,,,,,,,,,,,,,,,,,192161.04041320042,50.846726267670554,-113.98370392373498,Alberta,AA00121
,,,Elkwater Golf Course,,,,,,,,,,,,,,,,,,,,,,,,,,,,,,,,,,,,,,,,,,,,,,,,190877.2977171479,49.61232224880588,-110.28761701056372,Alberta,AA00301
,,,Highland Golf & Country Club (Closed),,,,,,,,,,,,,,,,,,,,,,,,,,,,,,,,,,,,,,,,,,,,,,,,182928.7661536866,51.09293474240235,-114.06798166333705,Alberta,AA00057
,,,Riverside Golf Course,,,,,,,,,,,,,,,,,,,,,,,,,,,,,,,,,,,,,,,,,,,,,,,,177336.3645758703,49.14673013136836,-112.07996133291965,Alberta,AA00283
,,,Didsbury Golf Club,,,,,,,,,,,,,,,,,,,,,,,,,,,,,,,,,,,,,,,,,,,,,,,,175439.5168047054,51.66094394684883,-114.15151606106656,Alberta,AA00153
,,,Unknown Golf Course,,,,,,,,,,,,,,,,,,,,,,,,,,,,,,,,,,,,,,,,,,,,,,,,170512.37765056035,54.98360878921312,-117.1947932861072,Alberta,AA00256
,,,Unknown Golf Course,,,,,,,,,,,,,,,,,,,,,,,,,,,,,,,,,,,,,,,,,,,,,,,,170020.01964917203,58.38934070629352,-116.0088812987988,Alberta,AA00208
,T0E 0T0,,Pembina Valley Golf Club,,Evansburg,,,,,,,,,,,,PVGC Board of Directors,,,,,,,,,,,,,,,,,,,,,,,,,,,,,,,,,,169728.44957203302,53.61306120132274,-115.01526528740575,Alberta,AA00210
,,,Spring Creek Golf Course,,,,,,,,,,,,,,,,,,,,,,,,,,,,,,,,,,,,,,,,,,,,,,,,168483.50770213167,53.801018809617645,-113.42526921784146,Alberta,AA00306
,,,Ross Haven,,,,,,,,,,,golf,,NRCan-CanVec-7.0,,,,,,,,,,,,,,,,,,,,,,,,,,,,,,,,,,,166448.3352131097,53.735092134874485,-114.40751901458344,Alberta,AA00094
7100,,15 Street SE,Golfuture YYC,,,,+1-403-640-3555,https://golfutureyyc.com/,,,,,,,,,,,,,,,,,,,,"public golf course, driving range & putting course",Golf Canada Calgary Centre,,,,,,,,,,,,,,,,,,,,,,165479.76158950082,50.99230855697049,-114.02637252587475,Alberta,AA00221
,,,Provost & District Golf Club,,,,,,,,,,,,,,,,,,,,,,,,,,,,,,,,,,,,,,,,,,,,,,,,163880.89564615773,52.34849684764145,-110.25728295333425,Alberta,AA00296
,,,Heritage Pointe,,,,,,,,,,,,,,,,,,,,,,,,,,,,,,,,,,,,,,,,,,,,,,,,151132.92930648907,50.838934202199056,-113.98385493301238,Alberta,AA00124
,,,Heritage Pointe,,,,,,,,,,,,,,,,,,,,,,,,,,,,,,,,,,,,,,,,,,,,,,,,150418.3762794177,50.83875950216602,-113.97838611646516,Alberta,AA00125
,,,Cochrane Golf Club,,,,,,,,,,,,,,,,,,,,,,,,,,,,,,,,,,,,,,,,,,,,,,,,143947.0891761212,51.1758431614081,-114.4730888717124,Alberta,AA00047
,,,Unknown Golf Course,,,,,,,,,,,,,,,,,,,,,,,,,,,,,,,,,,,,,,,,,,,,,,,,143712.0732975501,50.228655227578905,-111.77191384843579,Alberta,AA00151
,,,Barrhead,,,,,,,,,,,golf,,NRCan-CanVec-7.0,,,,,,,,,,,,,,,,,,,,,,,,,,,,,,,,,,,139047.15618842005,54.11438767558529,-114.40568863252707,Alberta,AA00093
,,,Bridge Valley Golf Course,,,,,https://bridgevalleygolf.com/,,,,,,,,,,,,,,,,,,,,,,,,,,,,,,,,,,,,,,,,,,,133289.82284882182,49.70364957278107,-112.87308959146196,Alberta,AA00258
,,,Shaganappi Point Golf Course - Valley 9,,,,,,,,,,,,,,,,,,,,,,,-1,,,,,,,,,,,,,,,,,,,,,,,,,131981.74655482726,51.04427037807621,-114.12753912462563,Alberta,AA00129
,,,Stavely,,,,,,,,,,,,,,,,,,,,,,,,,,,,,,,,,,,,,,,,,,,,,,,,115004.26181592786,50.155724376343784,-113.63866122407738,Alberta,AA00288
,,,Heritage Pointe,,,,,,,,,,,,,,,,,,,,,,,,,,,,,,,,,,,,,,,,,,,,,,,,114649.4845102872,50.839523420665195,-113.98873544264306,Alberta,AA00118
,,,Gull Lake Golf Course,,,,,,,,,,,,,,,,,,,,,,,,,,,,,,,,,,,,,,,,,,,,,,,,112361.10555765576,52.5976859909195,-114.06919367086678,Alberta,AA00201
5840,,19 Street SW,Lakeview Golf Course,,Calgary,,+1-403-300-1003,,,,,,,,,,The City of Calgary,,,,,,,,,,,,,,,,,,,,,,,,,,,,,,,,,,112254.87279871665,51.00047307093338,-114.10669464130936,Alberta,AA00053
,,,Cochrane Golf Club,,,,,,,,,,,,,,,,,,,,,,,,,,,,,,,,,,,,,,,,,,,,,,,,107499.95365230954,51.17921520529433,-114.47137878935452,Alberta,AA00058
,,,Evergreen Golf Centre,,,,,,,,,,,,,,,,,,,,,,,,,,,,,,,,,,,,,,,,,,,,,,,,106315.68740539304,49.671016099276756,-112.76299998342903,Alberta,AA00199
,,,Calgary,,,,,,,,,,,,,,,,,,,,,,,,,,,,,,,,,,,,,,,,,,,,,,,,99722.15122336234,50.94621763150435,-114.00286538983985,Alberta,AA00190
,,,Calgary,,,,,,,,,,,,,,,,,,,,,,,,,,,,,,,,,,,,,,,,,,,,,,,,93464.31400397421,50.944363107459075,-113.9959952727251,Alberta,AA00191
,,,Granum,,,,,,,,,,,,,,,,,,,,,,,,,,,,,,,,,,,,,,,,,,,,,,,,89133.39104293245,49.87041317362799,-113.52041093660428,Alberta,AA00314
,,,Unknown Golf Course,,,,,,,,,,,,,,,,,,,,,,,,,,,,,,,,,,,,,,,,,,,,,,,,87456.64530207173,51.177847019463144,-114.2529119379484,Alberta,AA00309
,,,Country Hills Golf Club,,,,,,,,,,,golf,,,,,,,,,,,,,,,,,,,,,,,,,,,,,,,,,,,,,79165.4272112452,51.15158193815578,-114.08008372969051,Alberta,AA00084
,,,Unknown Golf Course,,,,,,,,,,,golf,,NRCan-CanVec-10.0,,,,,,,,,,,,,,,,,,,,,,,,,,,,,,,,,,,78633.24670906372,53.65218848646306,-110.34798037514436,Alberta,AA00146
,,,Bogey Busters,,,,,,,,,,,,,,,,,grass,,driving_range,,,,,,,,,,,,,,,,,,,,,,,,,,,,,73084.5012519221,53.42692491212832,-113.55492171345125,Alberta,AA00229
2850,,,Ross Creek Executive Par 3,,,,,,,,,,,,,,,,,,,,,,,,,,,,,,,,,,,,,,,,,,,,,,,,70787.52014588642,49.990710953052464,-110.62524451452451,Alberta,AA00224
,,,Heritage Pointe,,,,,,,,,,,,,,,,,,,,,,,,,,,,,,,,,,,,,,,,,,,,,,,,70590.44779093275,50.84705951758471,-113.99978169542018,Alberta,AA00119
9333,T2L 4C4,Scenic Bow Road NW,Baker Park Disc Golf Course,,Calgary,,,,Alberta,,,,,,,https://www.dgcoursereview.com/course.php?id=4969&mode=lf,Calgary Disc Golf Association,,,,,,,,,,,Disc Golf Course (18 Holes),,,,,,,,,,,,,,,,,,,,,,,68947.78443960845,51.10077037512085,-114.22343379439825,Alberta,AA00264
,,,Country Hills Golf Club,,,,,,,,,,,,,,,,,,,,,,,,,,,,,,,,,,,,,,,,,,,,,,,,64261.26848578548,51.15132016812442,-114.07377960631132,Alberta,AA00083
,,,Silver Springs Golf & Country Club,,,,,,,,,,,,,,,,,,,,,,,,,,,,,,,,,,,,,,,,,,,,,,,,61862.27867389042,51.10532418120858,-114.17992558767534,Alberta,AA00049
,,,Unknown Golf Course,,,,,,,,,,,golf,,NRCan-CanVec-10.0,,,,,,,,,,,,,,,,,,,,,,,,,,,,,,,,,,,61460.52457129719,53.87438478863753,-110.76332428593877,Alberta,AA00144
,,,100-180 Douglas Woods Grove SE,,,,,,,,,,,,,,,,,,,,,,,,,,,,,,,,,,,,,,,,,,,,,,,,56560.53847479694,50.94259355210312,-113.98654885760901,Alberta,AA00192
,,,49-73 Douglasview Rise SE,,,,,,,,,,,,,,,,,,,,,,,,,,,,,,,,,,,,,,,,,,,,,,,,52747.44781678411,50.93771201596786,-113.98802985563768,Alberta,AA00193
,,,Heritage Pointe,,,,,,,,,,,,,,,,,,,,,,,,,,,,,,,,,,,,,,,,,,,,,,,,45824.59952653412,50.83497170542939,-113.98263307007531,Alberta,AA00123
5600,T2K 0T3,Centre Street N,Thorncliffe Disc Golf Course,,Calgary,,,,Alberta,,,,,,,,Calgary Disc Golf Association,,,,,,,,,,,Disc Golf Course (9 Holes),,,,,,,,,,,,,,,,,,,,,,,45138.31126777691,51.09801388324272,-114.05964772278524,Alberta,AA00282
,,,Calgary,,,,,,,,,,,,,,,,,,,,,,,,,,,,,,,,,,,,,,,,,,,,,,,,45112.95066089763,50.940218385905176,-113.99559996307019,Alberta,AA00194
,,,24-42 Summit Pointe Dr,,,,,,,,,,,,,,,,,,,,,,,,,,,,,,,,,,,,,,,,,,,,,,,,44465.94850906531,50.842041082415555,-113.99229556508058,Alberta,AA00120
,,,TTB Solar Systems,,,,,,,,,,,,,,,,,,,,,,,,,,,,,,,,,,,,,,,,,,,,,,,,36409.71588331361,49.428739892903074,-113.50134292728576,Alberta,AA00286
,,,TTB Solar Systems,,,,,,,,,,,,,,,,,,,,,,,,,,,,,,,,,,,,,,,,,,,,,,,,36409.71588331361,49.428739892903074,-113.50134292728576,Alberta,AA00287
9284,T3K 0B3,Harvest Hills Boulevard N,Beddington Golf Park,,,Mo-Su 10:00-19:00,+1-403-686-2171,https://www.beddingtongolfpark.com/,,,,,,,,,Beddington Golf Park,,,grass,,driving_range,,,,,,,,,,,,,,,,,,,,,,,,,,,,,35834.081057874115,51.13547481493758,-114.0661303603809,Alberta,AA00101
,,,Harvest Hills Driving Range and Mini Golf,,,,,,,,,,,,,,,,,recreation_ground,,,,,,,,,,,,,,,,,,,,,,,,,,,,,,,34807.68400961736,51.15252231061091,-114.03852108683493,Alberta,AA00077
,,,Edmonton,,,,,,,,,,,,,,Mill Woods Golf Course,,,grass,,driving_range,,,,,,,,,,,,,,,,,,,,,,,,,,,,,34383.69626023652,53.48341145664772,-113.4298194902345,Alberta,AA00163
3204,,Collingwood Drive NW,Confederation Park Driving Range,,,,,,,,,,,,,,City of Calgary,,,,,driving_range,,,,,,,,,,,,,,,,,,,,,,,,,,,,,33880.96318688084,51.08090613385061,-114.10284626117524,Alberta,AA00206
,,,Unknown Golf Course,,,,,,,,,,,,,,,,,,,,,,,,,,,,,,,,,,,,,,,,,,,,,,,,33763.29525612024,50.83577057038322,-114.01955975619923,Alberta,AA00128
,,,eaglequest Driving Range,,,,,douglasdale@eaglequestgolf.com,,,,,,,,,eaglequest Golf,,,,,driving_range,,,,,,,,,,,,,,,,,,,,,,,,,,,,,33335.193644641855,50.94859327567346,-114.01645144526849,Alberta,AA00187
,,,Kinsmen Pitch & Putt,,,,,https://kinsmenpitchandputt.ca/,,,,,,,,,,,,,,,,,,,,,,,,,,,,,,,,,,,,,multipolygon,,,,,,27714.62235557264,53.52534200080339,-113.50973751635203,Alberta,AA00033
,,,Heritage Pointe,,,,,,,,,,,,,,,,,,,,,,,,,,,,,,,,,,,,,,,,,,,,,,,,19383.047525278278,50.847350072353045,-113.9943669674191,Alberta,AA00122
,,,Unknown Golf Course,,,,,,,,,,,golf,,NRCan-CanVec-10.0,,,,,,,,,,,,,,,,,,,,,,,,,,,,,,,,,,,17213.576347999948,56.262969580226745,-117.34594444706724,Alberta,AA00157
,,,Miskanaw Golf Club Cubs Course,,,,,https://www.miskanaw.ca/cubscourse,,,,,,,,,,,,,,,,,,,,,,,,,,,,,,,,,,,,,,,,,,,10326.961760701615,56.74080206645159,-111.38076660380753,Alberta,AA00299
